run,scenario,entities,samples,single_cpu_p50_ns,batch_cpu_p50_ns,single_cpu_p25_ns,batch_cpu_p25_ns,single_cpu_p75_ns,batch_cpu_p75_ns,single_wall_p50_ns,batch_wall_p50_ns,single_wall_p25_ns,batch_wall_p25_ns,single_wall_p75_ns,batch_wall_p75_ns
1,native,4000,30,6910000,5956000,6862000,5813000,7021000,6109000,6926083,5955958,6864083,5812958,7029917,6119042
1,registeredRequirement,4000,30,6678000,5697000,6503000,5592000,7057000,6040000,6713708,5788417,6501459,5612125,7092625,6300708
1,staticRequirement,4000,30,6813000,5790000,6727000,5735000,7172000,5882000,6811500,5791792,6728166,5738333,7185375,5881834
1,runtime,4000,30,8959000,7511000,8652000,7403000,9134000,8060000,8966000,7529625,8651625,7402667,9181125,8063375
1,mixed,4000,30,9469000,8489000,9005000,8227000,9866000,8827000,9468166,8486209,9003500,8266708,9884750,8874250
1,native,16000,30,28667000,24858000,28141000,24286000,28912000,25198000,28673708,24872958,28177000,24349083,28951041,25329500
1,registeredRequirement,16000,30,26503000,22776000,26014000,22320000,27341000,23209000,26501334,22836209,26015875,22293708,27374209,23382375
1,staticRequirement,16000,30,27494000,23397000,27271000,22921000,27931000,23902000,27633667,23479584,27312916,22942375,28014209,23959917
1,runtime,16000,30,35994000,31179000,35355000,30250000,36637000,31458000,36171959,31215666,35411042,30254417,36839084,31592792
1,mixed,16000,30,38670000,34008000,37310000,33223000,39271000,34352000,38721000,34092208,37343666,33321250,39350292,34527208
1,native,64000,30,119680000,98836000,116995000,97259000,121620000,100780000,120186625,99135625,117289500,97290750,122180500,101798000
1,registeredRequirement,64000,30,108286000,91549000,106939000,88214000,112665000,93224000,108519208,91863625,107074334,88272084,113121083,93934541
1,staticRequirement,64000,30,113498000,94520000,111185000,93411000,115732000,95851000,113832291,94735834,111211042,93569834,116472958,96138208
1,runtime,64000,30,145489000,125997000,142905000,124234000,148262000,127476000,145956917,126211833,142998791,124290542,149013625,128265833
1,mixed,64000,30,176735000,138966000,160807000,136102000,196625000,142171000,185813958,140765042,161498667,136760791,207830292,144326708
2,native,4000,30,7366000,5927000,7116000,5885000,7460000,5974000,7439916,5926584,7166291,5892250,7623709,5974666
2,registeredRequirement,4000,30,6467000,5502000,6394000,5464000,6542000,5574000,6467000,5501000,6393916,5465542,6540208,5578667
2,staticRequirement,4000,30,6507000,5887000,6479000,5663000,6561000,6111000,6519500,5933750,6478167,5666000,6560708,6178750
2,runtime,4000,30,8768000,8102000,8646000,7959000,8932000,8288000,8903458,8397875,8734167,8100125,9130000,8677375
2,mixed,4000,30,9453000,8102000,9299000,8061000,9944000,8161000,9571666,8118208,9327416,8065125,10143833,8187416
2,native,16000,30,27247000,23854000,26746000,23210000,28292000,24916000,27302250,23937750,26744625,23247000,28596916,25227625
2,registeredRequirement,16000,30,25847000,21924000,25630000,21634000,26065000,22827000,25871541,21964458,25639083,21642000,26086000,23102917
2,staticRequirement,16000,30,27906000,23226000,27319000,22300000,28202000,24040000,28053666,23399459,27484625,22303333,28345167,24534875
2,runtime,16000,30,34660000,29731000,33575000,28710000,36068000,30511000,34800750,29731208,33574958,28711250,36195334,30671125
2,mixed,16000,30,40263000,35154000,38857000,32493000,40879000,38339000,40865750,36398375,38941083,32525250,41765291,43666334
2,native,64000,30,115461000,100554000,109219000,97270000,122746000,102758000,115533041,101181833,110161625,97341250,123729625,104664458
2,registeredRequirement,64000,30,113679000,89962000,109721000,88627000,117875000,91865000,114494417,90175667,109987917,88684458,119499459,92366917
2,staticRequirement,64000,30,115763000,93297000,106216000,91269000,121574000,97718000,116652333,93845500,106257375,91321625,123495958,99786584
2,runtime,64000,30,149127000,127397000,141720000,123758000,153930000,134206000,150226125,128905084,141883542,124474958,155219542,137023709
2,mixed,64000,30,166959000,133780000,161859000,131114000,175320000,137740000,169654750,134483542,163557625,131235625,186993875,138989000
