pair,scenario,entities,iterations,samples,before_cpu_p50_ns,after_cpu_p50_ns,before_wall_p50_ns,after_wall_p50_ns,before_wall_p25_ns,after_wall_p25_ns,before_wall_p75_ns,after_wall_p75_ns
1,Read,4000,8,30,12719000,5073000,45948167,5385500,25301167,4986292,62350250,6228417
1,With,4000,8,30,6175000,2515000,21632583,2735667,8997209,2400083,41390583,3334708
1,Changed,4000,8,30,8469000,2583000,15828583,2719834,10370375,2492541,43427125,3107542
1,Entity,4000,8,30,15219000,8009000,51892291,8159334,26609583,7394792,79950375,9248209
1,Optional,4000,8,30,13311000,6050000,32440958,6095625,19893166,5920667,52577125,7628084
1,Write,4000,8,30,16516000,7053000,36597334,7051708,23274917,6970958,47355500,7422708
1,Read,16000,8,30,55460000,21887000,124993333,22195042,101652666,20927000,151255792,23243583
1,With,16000,8,30,26117000,11929000,49275792,12357708,41658833,11834791,59278916,13733458
1,Changed,16000,8,30,34946000,12287000,91358208,12645250,82725125,12181458,108384250,13734333
1,Entity,16000,8,30,66442000,31141000,159686417,31748834,145754042,30549542,190828458,32594916
1,Optional,16000,8,30,55563000,31833000,114426291,34386625,102840333,28849750,148255209,44249834
1,Write,16000,8,30,67589000,38202000,148646292,40658917,116555250,36593208,192441834,46372833
1,Read,64000,8,30,244235000,122149000,584881083,125621459,491651375,108768583,649598375,145074917
1,With,64000,8,30,127718000,61668000,256370709,64379458,223332000,55228292,370003583,76918833
1,Changed,64000,8,30,145911000,65829000,203994792,69629375,177836292,58752458,241294542,79550833
1,Entity,64000,8,30,291822000,181904000,488014708,197022750,414585042,170778875,568632833,273232500
1,Optional,64000,8,30,271641000,173934000,475285791,210805083,411086500,160151292,536538167,223054958
1,Write,64000,8,30,307691000,206149000,782406584,234294750,654449334,212987292,905168875,263355792
2,Read,4000,8,30,8607000,4951000,9488792,5006666,8042875,4815750,10510500,5362458
2,With,4000,8,30,3871000,2738000,3961334,2941000,3699959,2743791,4436083,3080709
2,Changed,4000,8,30,4962000,2664000,5033542,2735875,4844917,2634542,5195875,3004125
2,Entity,4000,8,30,10116000,8428000,10584917,8569417,10010458,8080416,11766250,9184208
2,Optional,4000,8,30,10233000,6233000,11460875,6372417,8663666,6205583,12448542,6599208
2,Write,4000,8,30,13192000,7398000,15173500,7440708,11739708,7332583,17905375,7824291
2,Read,16000,8,30,35758000,22656000,37891500,23325625,35178334,22044375,47476042,24009666
2,With,16000,8,30,17487000,12428000,18541000,12860000,17943083,11216417,19321250,14595042
2,Changed,16000,8,30,23560000,14924000,24698292,16162209,23915083,15131292,25794333,17199333
2,Entity,16000,8,30,47630000,39066000,50637208,40650208,46827542,37533375,54782250,45605625
2,Optional,16000,8,30,47816000,27946000,53362792,28940542,44599500,27544875,66176458,42446792
2,Write,16000,8,30,50028000,35953000,53324959,37029583,47609791,35240541,59243875,42880167
2,Read,64000,8,30,175850000,124713000,196666917,132130084,157794291,104700208,221949750,145158750
2,With,64000,8,30,94729000,55009000,104526542,55807875,88189292,53792917,138901084,61771208
2,Changed,64000,8,30,108369000,62187000,113966791,64750000,106443667,60369500,141946000,74910208
2,Entity,64000,8,30,250616000,181317000,291559167,190788083,257223542,169831000,339067791,202773291
2,Optional,64000,8,30,217271000,146329000,247352459,153964375,217136459,142376167,269950208,166227667
2,Write,64000,8,30,288940000,162567000,339079292,167209750,290726000,158247500,361349083,181074250
