entities,scenario,before_ms,after_ms,speedup,before_cpu_ms,after_cpu_ms,retains_before,retains_after,malloc_before,malloc_after,samples_before,samples_after
1000,Spawn,11.296767,1.523711,7.41398270406921,10.739711,1.253375,536499,17011,8037,2103,30,30
1000,AddRemove,43.646975,6.823935,6.396159254154678,42.565631,5.484543,2303006,120006,32001,6001,30,30
1000,InsertCoW,21.790719,7.929855,2.747934104721965,21.348351,3.555327,1152502,56502,18000,5000,30,30
2000,Spawn,36.667391,3.514367,10.433569117852517,35.979263,2.510847,2088995,34023,16044,4146,30,30
2000,AddRemove,194.379775,18.907135,10.280763055851667,174.587903,10.575871,8734006,240006,64001,12001,30,30
2000,InsertCoW,88.735743,10.018815,8.856910023790238,83.361791,6.303743,4369002,113002,36000,10000,30,30
4000,Spawn,301.465599,4.747263,63.50303301081065,179.175423,4.427775,8241987,68047,32055,8225,30,30
4000,AddRemove,630.718463,22.839295,27.615496143817047,592.445439,20.234239,33980006,480006,128001,24001,30,30
4000,InsertCoW,328.728575,12.664831,25.956017494430046,299.368447,10.133503,16994002,226002,72000,20000,30,30
