pair,scenario,start,entities,samples,before_cpu_p50_ns,after_cpu_p50_ns,before_cpu_p25_ns,after_cpu_p25_ns,before_cpu_p75_ns,after_cpu_p75_ns,before_wall_p50_ns,after_wall_p50_ns,before_wall_p25_ns,after_wall_p25_ns,before_wall_p75_ns,after_wall_p75_ns
1,native,cold,4000,30,7201000,6066000,7056000,5881000,7580000,6184000,7217583,6066084,7104791,5881458,7744458,6184250
1,native,warm,4000,30,6873000,6186000,6788000,6082000,6992000,6242000,6892208,6191958,6794375,6081209,7023209,6259417
1,registeredRequirement,cold,4000,30,6431000,5960000,6268000,5853000,6790000,6859000,6481084,5962708,6293917,5852625,6816000,7474250
1,registeredRequirement,warm,4000,30,6346000,5794000,6191000,5707000,6482000,5872000,6346125,5798708,6193292,5706917,6489667,5870541
1,staticRequirement,cold,4000,30,6563000,6149000,6442000,5973000,6931000,6392000,6617667,6170000,6492166,5973208,7128583,6401500
1,staticRequirement,warm,4000,30,6520000,6071000,6439000,5986000,6694000,6423000,6569625,6067209,6451792,5985333,6793000,6430291
1,runtime,cold,4000,30,9404000,7660000,9128000,7613000,9602000,7728000,9473875,7659375,9168750,7627791,9752875,7749000
1,runtime,warm,4000,30,9188000,7380000,8993000,7265000,9410000,7577000,9301000,7379708,9009125,7264041,9585750,7576333
1,native,cold,16000,30,28311000,24724000,27699000,24504000,29215000,25403000,28443500,24722834,27699000,24506625,29507750,25449833
1,native,warm,16000,30,28788000,24591000,28109000,24461000,29537000,25211000,28939625,24617792,28137250,24480542,29804625,25262208
1,registeredRequirement,cold,16000,30,26734000,23085000,26256000,22618000,27156000,23389000,26893833,23083167,26284500,22617875,27589500,23398458
1,registeredRequirement,warm,16000,30,27704000,24090000,27236000,22935000,28161000,24278000,28044125,24147208,27541500,22938834,28718375,24302917
1,staticRequirement,cold,16000,30,26145000,23746000,25780000,23610000,26877000,23898000,26255125,23752625,25921792,23624833,27068959,23906042
1,staticRequirement,warm,16000,30,27232000,23757000,26688000,23660000,28149000,23911000,27558500,23759792,26786334,23670917,28748042,23916167
1,runtime,cold,16000,30,36726000,30396000,35480000,29683000,37359000,30697000,37124667,30410375,35820291,29684292,38143625,30712584
1,runtime,warm,16000,30,36514000,30471000,36078000,30302000,37440000,30646000,36627833,30476125,36165917,30324166,37651875,30650208
1,native,cold,64000,30,121005000,106228000,119186000,101908000,123554000,111411000,121603167,106617041,119596292,101922959,124565833,112265833
1,native,warm,64000,30,123246000,105612000,118154000,104367000,125844000,107027000,125079458,105695875,118311333,104455625,128924833,107125125
1,registeredRequirement,cold,64000,30,118101000,96797000,114636000,95538000,119533000,98263000,119496500,96819792,116402833,95569625,121880708,98323125
1,registeredRequirement,warm,64000,30,117959000,97158000,115735000,94646000,119799000,97959000,118754667,97212583,116284000,94650167,121739750,98105541
1,staticRequirement,cold,64000,30,117771000,99936000,115662000,98613000,119971000,101466000,119429208,99991625,116840167,98658833,121624209,101487084
1,staticRequirement,warm,64000,30,113607000,99338000,110423000,98581000,117650000,100432000,114175417,99347750,110914375,98619083,118337041,100531083
1,runtime,cold,64000,30,156248000,129388000,149310000,127732000,162792000,132801000,158362708,129607708,149801083,127757541,166575042,133431084
1,runtime,warm,64000,30,157208000,126025000,149525000,124927000,160371000,127773000,160278375,126075167,150641417,124963875,164415125,127980000
2,native,cold,4000,30,6669000,6663000,6579000,6074000,6732000,6962000,6669417,6724125,6578750,6073792,6730375,7021333
2,native,warm,4000,30,6543000,6318000,6453000,6249000,6638000,6509000,6542041,6375167,6450750,6285333,6637083,6693500
2,registeredRequirement,cold,4000,30,6164000,6094000,6131000,5934000,6195000,6604000,6162542,6141625,6142166,5958667,6201833,6909750
2,registeredRequirement,warm,4000,30,6209000,6043000,6086000,5741000,6281000,6522000,6203333,6071250,6085917,5737417,6296292,6700500
2,staticRequirement,cold,4000,30,6125000,5943000,6109000,5784000,6161000,6329000,6124458,5942750,6107917,5782916,6160416,6380167
2,staticRequirement,warm,4000,30,6141000,5887000,6106000,5803000,6173000,6233000,6140583,5886292,6106042,5804917,6171166,6280875
2,runtime,cold,4000,30,8593000,7591000,8485000,7443000,8639000,7914000,8593584,7637666,8483417,7478667,8645292,7949583
2,runtime,warm,4000,30,8538000,7608000,8493000,7464000,8585000,7954000,8540208,7631333,8499500,7464500,8585083,8018000
2,native,cold,16000,30,25895000,26457000,25565000,25462000,26424000,26805000,26019125,26780459,25564541,25632500,26478875,27202167
2,native,warm,16000,30,26966000,26934000,26848000,26370000,27204000,27425000,27012000,27426208,26850417,26772708,27268625,28084292
2,registeredRequirement,cold,16000,30,25425000,24983000,25216000,24509000,25609000,25256000,25435375,25148417,25218583,24692583,25616625,25685583
2,registeredRequirement,warm,16000,30,25748000,25564000,25088000,25200000,25918000,25748000,25865291,25956875,25129209,25407000,26049667,26114791
2,staticRequirement,cold,16000,30,25283000,24926000,25146000,24408000,26206000,25574000,25404250,25110833,25214292,24498209,26764291,25841834
2,staticRequirement,warm,16000,30,24722000,24518000,24450000,23987000,25292000,24838000,24771000,24563334,24488750,24011625,25503750,24910166
2,runtime,cold,16000,30,35307000,32594000,33217000,31427000,36123000,33075000,35333125,32922958,33231917,31547708,36319875,33511625
2,runtime,warm,16000,30,37275000,33143000,36684000,31673000,37594000,33546000,37522667,33465458,36871584,31735667,37984917,34026500
2,native,cold,64000,30,115579000,111941000,113294000,106018000,121795000,113502000,116138125,113272542,113512708,106426709,123046500,114597791
2,native,warm,64000,30,121719000,105688000,115715000,104761000,123512000,113610000,123806667,105974417,116503667,104912709,125386208,116050584
2,registeredRequirement,cold,64000,30,111267000,100795000,110226000,99545000,115861000,102795000,111645250,101023375,110534291,99753375,117321708,103462417
2,registeredRequirement,warm,64000,30,109921000,107404000,108828000,101593000,111753000,108549000,110197750,108565666,109010334,101864375,112331709,110113458
2,staticRequirement,cold,64000,30,108576000,106570000,107704000,102277000,114956000,109918000,108887375,107094666,107971834,102487541,116665583,111409708
2,staticRequirement,warm,64000,30,111658000,102869000,109200000,101428000,116146000,108364000,114575333,103048333,109867500,101639625,118420834,109691625
2,runtime,cold,64000,30,158156000,138273000,150441000,131326000,159924000,141357000,159778125,139581542,151185833,131714250,161995250,144260042
2,runtime,warm,64000,30,153215000,133472000,149764000,130651000,158272000,139203000,154796584,134090667,150324083,130924958,160221917,141401666
